{
  "params": {
    "07": {
      "lgb": {
        "learning_rate": 0.03141449149380859,
        "num_leaves": 62,
        "min_child_samples": 38,
        "feature_fraction": 0.882824514276099,
        "bagging_fraction": 0.6865641828613157,
        "bagging_freq": 2,
        "reg_alpha": 0.00010058356133846662,
        "reg_lambda": 0.005532957919796721
      },
      "cat": {
        "learning_rate": 0.07060245433885834,
        "depth": 7,
        "l2_leaf_reg": 1.1764080630484695,
        "bagging_temperature": 0.35281265824509145,
        "random_strength": 1.2773696920566466,
        "border_count": 38
      }
    },
    "90": {
      "lgb": {
        "learning_rate": 0.05371830644536284,
        "num_leaves": 39,
        "min_child_samples": 65,
        "feature_fraction": 0.5920349402293658,
        "bagging_fraction": 0.5532132762624026,
        "bagging_freq": 1,
        "reg_alpha": 0.02868936357280986,
        "reg_lambda": 0.0007300394359907029
      },
      "cat": {
        "learning_rate": 0.08799652498500318,
        "depth": 4,
        "l2_leaf_reg": 14.98071010894491,
        "bagging_temperature": 1.0574698003745555,
        "random_strength": 1.4678534054328765,
        "border_count": 189
      }
    },
    "120": {
      "lgb": {
        "learning_rate": 0.07986022195149209,
        "num_leaves": 112,
        "min_child_samples": 18,
        "feature_fraction": 0.6642326060472731,
        "bagging_fraction": 0.7915068063099936,
        "bagging_freq": 4,
        "reg_alpha": 0.00168232442544575,
        "reg_lambda": 0.06569092930669088
      },
      "cat": {
        "learning_rate": 0.09799452791342836,
        "depth": 5,
        "l2_leaf_reg": 5.654100048506912,
        "bagging_temperature": 1.6316303394155969,
        "random_strength": 0.6045231259065487,
        "border_count": 183
      }
    }
  },
  "weights": {
    "07": 0.9998717171483734,
    "90": 0.9998717171483734,
    "120": 0.38882623996455123
  }
}