{
  "params": {
    "07": {
      "lgb": {
        "learning_rate": 0.01277588617013218,
        "num_leaves": 69,
        "min_child_samples": 66,
        "feature_fraction": 0.7931799823039588,
        "bagging_fraction": 0.38580794509945804,
        "bagging_freq": 10,
        "reg_alpha": 0.0004814490654559664,
        "reg_lambda": 0.1359271205257805
      },
      "cat": {
        "learning_rate": 0.05192523263427517,
        "depth": 6,
        "l2_leaf_reg": 8.210394746047953,
        "bagging_temperature": 0.031073459271315294,
        "random_strength": 1.3764590239003986,
        "border_count": 67
      }
    },
    "90": {
      "lgb": {
        "learning_rate": 0.019998939263562214,
        "num_leaves": 54,
        "min_child_samples": 12,
        "feature_fraction": 0.8686223981720478,
        "bagging_fraction": 0.7275940125211089,
        "bagging_freq": 7,
        "reg_alpha": 0.0014867695769971536,
        "reg_lambda": 0.011031682276024198
      },
      "cat": {
        "learning_rate": 0.062419052252125025,
        "depth": 7,
        "l2_leaf_reg": 1.29008959776147,
        "bagging_temperature": 0.027956026956829527,
        "random_strength": 0.914834670069054,
        "border_count": 59
      }
    },
    "120": {
      "lgb": {
        "learning_rate": 0.012744638435231487,
        "num_leaves": 91,
        "min_child_samples": 11,
        "feature_fraction": 0.7469437729260306,
        "bagging_fraction": 0.6374533711103695,
        "bagging_freq": 3,
        "reg_alpha": 0.00035422038066651446,
        "reg_lambda": 0.008018799717827964
      },
      "cat": {
        "learning_rate": 0.06153162991791282,
        "depth": 5,
        "l2_leaf_reg": 13.007627157935254,
        "bagging_temperature": 1.377857238474781,
        "random_strength": 1.9900234693842744,
        "border_count": 247
      }
    }
  },
  "weights": {
    "07": 0.552026240075519,
    "90": 0.645073102444733,
    "120": 0.7504657754251228
  }
}